DISTRICT,Horses/Asses,MILKING  COWS NO.,MILKING  BUFFALOES NO.,COW MILK,BUFF MILK,TOTAL MILK PRODUCED,BUFF,MUTTON,CHEVON,PORK ,CHICKEN,DUCK MEAT,TOTAL MEAT,LAYING HEN,LAYING DUCK,HEN EGG,DUCK EGG,TOTAL EGG,Rabbit,SHEEPS NO.,SHEEP WOOL PRODUCED
taplejung,0.015123034859876964,0.04341944394131498,0.014610793881455397,0.04815183314873566,0.013487909358207442,0.022318551790881873,0.012081044502826207,0.024544734758511478,0.025835956524321434,0.04335883853247008,0.0058141559029349305,0.0,0.01657018957251696,0.0019499607529300076,0.005615550755939525,0.002921066440383149,0.005305602716468591,0.0029376222091602794,0.042480809490579204,0.014460192282020345,0.011885027780320212
sankhuwashava,0.009854180906812485,0.08428047455171164,0.03916231839049815,0.0631605624284293,0.03355026361147724,0.04117970167424806,0.10999270926300705,0.06710838854856857,0.1196794028189795,0.0727280237084766,0.06033968743185819,0.0840922531046718,0.1003787890685118,0.010681929404867481,0.007675693636816747,0.0069999854607552744,0.007215619694397283,0.007007425583086449,0.02564549895324494,0.030590321418766258,0.03063462522839525
solukhumbu,0.05021075415812258,0.04169874117007789,0.03955490840054728,0.025239820533518555,0.017404060630639765,0.01945561376017425,0.022350927473927234,0.022169437846397466,0.021381481261507393,0.04188738473611928,0.005605264074086969,0.0,0.02071771001173639,0.005786513452076416,0.006163814587140721,0.0028219352263429967,0.005942275042444821,0.0028429450385875216,0.007501744591765526,0.021220539971437278,0.021264911370778287
panchthar,8.544087491455914e-05,0.08151829378735735,0.033197294058706854,0.07745593121703054,0.031161284599006387,0.04300827255930966,0.029774699466602973,0.003167062549485352,0.05250341509770149,0.07151265450264861,0.008460119068342443,0.011235955056179775,0.03322989397465736,0.00875234221507156,0.004286426316663898,0.007099116674795426,0.004032258064516129,0.007086323225230414,0.0008722958827634335,0.0032794235065651436,0.003325502639045672
illam,0.0798302574618364,0.14925398478536497,0.016872581103529502,0.18280801216467363,0.04835306194869715,0.08259956675472657,0.03928827322665392,0.000791765637371338,0.04834590485240838,0.04071022169903865,0.003446715175991366,0.0,0.03269280499691671,0.0035538519472444645,0.005466024256521016,0.00851999740937094,0.005730050933786078,0.008510425665928974,0.019277739009071877,0.0003123260482442994,0.0003559406494391392
terathum,0.0008544087491455912,0.14212741567768913,0.10394259982479939,0.14743994182112607,0.0997774125078797,0.1122330999347537,0.10999270926300705,0.06710838854856857,0.1196794028189795,0.0727280237084766,0.06033968743185819,0.0840922531046718,0.1003787890685118,0.05460438515715783,0.09487430155385139,0.05374022070573494,0.0931954248950049,0.054040330952077914,0.10241399808741049,0.06359345435658381,0.06293847829038583
bhojpur,0.004442925495557074,0.07726747871762361,0.04787840256882777,0.06631436670483772,0.04494068741762142,0.050527051673178024,0.02489849534272749,0.04038004750593824,0.015264001900576111,0.09005297233666863,0.008564564982766424,0.02247191011235955,0.02694396371665573,0.007372279200568134,0.01882372487124107,0.0050583354150888285,0.01867572156196944,0.005146756189191286,0.002006280530355897,0.04577591613541852,0.04582142627113186
khotang,0.009626338573706993,0.07101295055243614,0.05713356556692634,0.06425876213182151,0.03889219811416405,0.0454669751537878,0.03974603932807897,0.024544734758511478,0.022925699352616263,0.06906023150873063,0.010618667966438046,0.011235955056179775,0.03389628215074297,0.006854369174966462,0.005831533477321814,0.005419173034194982,0.005730050933786078,0.00542552785809996,0.0070655966503838106,0.022971077096677502,0.020041153518897056
okhaldhunga,0.002563226247436774,0.0423270240898388,0.03425787304107839,0.04032364039122191,0.017476933995741663,0.023331518236962813,0.029794602340577975,0.024544734758511478,0.03735819920413375,0.07357268981753973,0.010061623089510148,0.0,0.0316285731336158,0.008129192197832433,0.00734341252699784,0.004078919020372125,0.00700339558573854,0.0041000474700813565,0.054605722260990926,0.022842620415544766,0.022858169515886817
udayapur,0.036739576213260426,0.08725208295598623,0.07657849016913598,0.08290938444498677,0.07188165365507453,0.07495000558796043,0.06659501632035665,0.001583531274742676,0.08160598681475323,0.08014518344123994,0.01994916965498033,0.02247191011235955,0.060651270115971434,0.020631815610227443,0.024439275627180592,0.06596851856991989,0.02461799660441426,0.06578090913753042,0.10450104675505931,0.0014432485939030932,0.001488170905750306
jhapa,0.0008544087491455912,0.20159391414598804,0.056623784509101355,0.2760329647637463,0.10283699178748859,0.14710603095492297,0.10431096250298542,0.0,0.08261566787432441,0.10927996860898569,0.04943773282735091,0.10112359550561797,0.09109625828012174,0.02775806647253499,0.05311513540455225,0.03753768638320427,0.054753820033955854,0.03768282884865986,0.03061758548499651,0.0,0.0
morang,0.0009968102073365233,0.31736211737004166,0.08089112072728764,0.3484953725431302,0.11349234512825712,0.17345980354157797,0.10642066714433564,0.000791765637371338,0.09633545168379165,0.0843633509907789,0.05009922361870278,0.3146067415730337,0.0923096815261284,0.047094263974766494,0.4314337929888685,0.041489717449605,0.43548387096774194,0.04397360084893863,0.10241399808741049,0.0011435163379267092,0.001189858742410837
sunsari,0.0012816131237183867,0.22561017025901106,0.11297217005592944,0.13802586870412437,0.0883795498327081,0.1012942667525865,0.0941007881538094,0.009501187648456057,0.10174021500267269,0.08661958014518344,0.028374473418514783,0.2584269662921348,0.08114022000755904,0.02853127832030656,0.12003655092208008,0.03880524417339768,0.11651103565365026,0.03932652972665912,0.09760990928122817,0.009122943118877841,0.010640930462756744
e.region,0.2165641376167692,0.14212741567768913,0.10394259982479939,0.14743994182112607,0.0997774125078797,0.1122330999347537,0.820396465249582,0.21298495645288992,0.9308665439211261,1.0,0.30658357413919163,1.0,0.7582403373714467,0.24997182546979552,0.9999999999999999,0.2828953716297039,1.0,0.28763713396425145,0.4453070481507327,0.2009440306684029,0.196577545907869
nuwakot,0.02671451355661882,0.11828699510958159,0.11273778796037771,0.11240120895830596,0.060000126736287136,0.07350426943956323,0.08279595573600827,0.052256532066508314,0.03824909425669656,0.027859525210908377,0.039515370957072735,0.033707865168539325,0.06242167452407949,0.04092543007242905,0.0468682505399568,0.03423199083234533,0.04562818336162988,0.03433756882175576,0.10241399808741049,0.04963213532785419,0.04967575501791568
rautahat,0.005297334244702665,0.0907953722151784,0.06475391344855166,0.12111171600743396,0.048695249923958225,0.0672267309004701,0.05318047926120531,0.0023752969121140144,0.05511670725188573,0.014910731803021385,0.015562441249173135,0.0449438202247191,0.04167412623580195,0.016104528867169527,0.06060807443096859,0.010061157350315172,0.058786078098471986,0.010372410020526536,0.10241399808741049,0.0022190261976066756,0.0022644605126223333
bara,0.008344725449988608,0.10368932258648796,0.11616562610782163,0.10975426608346318,0.07204324242117004,0.08187194296951351,0.0811241143221081,0.000791765637371338,0.06824256102631111,0.03482440651363547,0.032726386519513984,0.11235955056179775,0.06479879055519087,0.033853977069585595,0.13691643130088055,0.012880449077617097,0.13306451612903225,0.013637457444584267,0.004012561060711794,0.000755627536074918,0.0008000189835013034
chitwan,8.544087491455914e-05,0.08197111030610396,0.053222314347407006,0.1378663012258537,0.09578094900131806,0.10680851367385809,0.11046095056126104,0.010292953285827395,0.10174021500267269,0.058563861094761624,0.3413640636423772,0.14606741573033707,0.17579717928825767,0.38636003605485575,0.033277953148363515,0.5441523818587235,0.058149405772495756,0.54171647080327,0.10241399808741049,0.009732482664644942,0.009776503171261691
c.region,0.04146730462519936,0.14212741567768913,0.10394259982479939,0.14743994182112607,0.0997774125078797,0.1122330999347537,0.9999999999999999,0.20269200316706254,1.0,0.43466745144202473,0.9999999999999999,0.7528089887640449,0.9999999999999999,0.9999999999999999,0.8235421166306695,1.0,0.8291595925297114,1.0,0.46100837404047446,0.19417108918671808,0.19418087886831215
manang,0.013955342902711323,0.0,0.0,0.0,0.0,0.0,0.0,0.009501187648456057,0.0,9.809691975671964e-05,0.00010444591442398078,0.0,0.0,8.360186251573387e-05,0.00011629838843661736,0.0,0.00021222410865874363,0.0,0.0013956734124214933,0.014248616571919368,0.01471560342109813
mustang,0.05251765778081568,0.0037187556602064848,0.00014355903352542901,0.003529257166457039,0.00011089425124201562,0.0009772986134724535,0.00011941724385001193,0.017418844022169436,0.004929619290847538,0.0,0.0,0.0,0.0009448787571363212,0.0,0.0,0.0002590629060249309,0.0,0.0002564173369678847,0.10241399808741049,0.016442455184990212,0.016488526846399745
gorkha,0.023980405559352925,0.08193148886071364,0.0505386393533398,0.06940246672548762,0.033166886342897696,0.0424732550701824,0.06263434439933126,0.0791765637371338,0.04507928965967809,0.019226996272317047,0.023883299098283607,0.011235955056179775,0.048467307195003084,0.010826089927457637,0.007011131417178933,0.005799836896109166,0.006791171477079796,0.005810811343902987,0.002529658060013957,0.07486757627430286,0.07491025210767714
lamjung,0.0002563226247436774,0.02510301575801485,0.032409184262414195,0.037376335204340236,0.03682322822670587,0.03710405733485199,0.028182469548602818,0.04275534441805225,0.03355704697986577,0.01079066117323916,0.017372837099188805,0.011235955056179775,0.026148276342225142,0.006422309129191871,0.006280112975577338,0.009546996786826916,0.006154499151103565,0.009534780053098112,0.0049720865317515696,0.04011122837331022,0.04015688507862898
tanahu,0.00011392116655274551,0.08201639195797862,0.09023124723502372,0.08840976928419907,0.10225083645949508,0.09913517395201962,0.06661491919433166,0.001583531274742676,0.0413375304389143,0.014812634883264666,0.00765936705775859,0.011235955056179775,0.04377275168586262,0.012594093685500459,0.005233427479647782,0.01869218171941108,0.005093378607809847,0.018626418349487625,0.041782972784368454,0.0012896043282345265,0.001335624913133532
kaski,0.010509227614490772,0.04769856004347039,0.1101361466997536,0.08938594679832548,0.09896202980837474,0.0969142569082647,0.09121487142743412,0.09263657957244655,0.04650472174377858,0.06454777319992153,0.0603349232322529,0.21348314606741572,0.07834536810487161,0.06327635288917752,0.08677521182920751,0.056328999316655505,0.06876061120543293,0.05646441256103061,0.127791346824843,0.0412597822281441,0.04130267497872831
parbat,0.02936318067897015,0.029450054337982246,0.027191252860194012,0.02995175430362875,0.03219418533914631,0.03174912673256497,0.024500437863227448,0.014251781472684084,0.01888697511433153,0.020698450068667842,0.009574208822198239,0.10112359550561797,0.020349704601062245,0.006286438539187309,0.13535471008473168,0.007986010603074654,0.1114176570458404,0.008634031971954517,0.05914166085136078,0.01373982736429559,0.013783377910662288
syangja,0.00014240145819093187,0.029670802390871217,0.07271118559253259,0.06144286545645686,0.15612326371286628,0.13273427226921125,0.06323143061858132,0.03167062549485352,0.06372869275999288,0.024720423778693348,0.01570170246840511,0.033707865168539325,0.04953153905830399,0.016222976548011147,0.047931550091377305,0.007449380297737297,0.04647707979626486,0.0076977799518461384,0.03183879972086532,0.005956863742723936,0.005311990454010773
myagdi,0.016233766233766232,0.02892365513493932,0.024645277347263444,0.03048677467194804,0.029469355165771063,0.02983970876025747,0.0249980097126025,0.03167062549485352,0.01954029815287759,0.10839709633117521,0.013926121923197438,0.011235955056179775,0.03098207714189095,0.004293201528013863,0.008273799634490778,0.0037947428734570227,0.008064516129032258,0.0038239057225774803,0.09717376133984647,0.02504149654552278,0.025078561186197636
baglung,0.03525860104807473,0.048100434703858,0.06717683836131759,0.04570200304116841,0.057325991077765384,0.05460031815706686,0.042273704322904226,0.015043547110055422,0.031003147829185722,0.010594467333725722,0.010166069003934129,0.011235955056179775,0.030335581150166102,0.007873328346334701,0.022711413856122277,0.002628959796344834,0.022071307300509338,0.002750897789419563,0.008810188415910677,0.017165338861168552,0.01721057787811914
gulmi,0.001196172248803828,0.03627060315160297,0.034401432074603826,0.038361899040717864,0.03559071783433033,0.03642874637079803,0.028779555767852877,0.018210609659540775,0.04543564768070321,0.015597410241318424,0.009330501688542284,0.0,0.02630741381711126,0.0045087397752393,0.004369496594118624,0.004793985510981756,0.004244482173174873,0.004794346720948244,0.02721563154221912,0.01739454588044461,0.01743770191157078
arghakhanchi,0.00014240145819093187,0.03264241079514581,0.08114894103239453,0.03328389870281027,0.07994524992395823,0.06842992578712961,0.06460472892285646,0.001583531274742676,0.03456672803943695,0.004021973710025505,0.01037496083278209,0.0,0.04130612082512781,0.010739818425634678,0.001910616381458714,0.009356664855869824,0.0014855687606112054,0.00931649657649981,0.011601535240753663,0.0011586288886482074,0.001206808297146034
nawalparasi,0.00011392116655274551,0.1431183209563485,0.08399082394095915,0.1707559743941129,0.10644580756362162,0.12314438100854362,0.07252607276490725,0.021377672209026127,0.08309081190235791,0.034039631155581715,0.05779340598126937,0.1348314606741573,0.07034870999184421,0.055804875512246166,0.19184249875394582,0.0540040419100338,0.18633276740237692,0.054879884914639326,0.08452547103977669,0.027938068767143297,0.019742841355557587
rupandehi,0.0037024379129642284,0.0989517297591016,0.11250926541721479,0.11133116822166739,0.08394061137584913,0.09120027012438561,0.09784252846110977,0.011876484560570071,0.09906752984498426,0.034726309593878756,0.058211189638965294,0.1348314606741573,0.08574526068707605,0.011457670384614316,0.1801794317993022,0.012620064422071631,0.17487266553480474,0.013637457444584267,0.1350314026517795,0.011306706698134354,0.008471387456651514
kapilbastu,0.02922077922077922,0.084150289802572,0.14336566829659883,0.07996207925810508,0.0784212460711751,0.07911125272561687,0.0880304115914338,0.0498812351543943,0.06622319890716874,0.01118304885226604,0.017616544232844762,0.033707865168539325,0.0617453402558135,0.018219726242483573,0.17293570360525004,0.006196361752269774,0.1702037351443124,0.007217819295470354,0.04317864619678995,0.04695973260860256,0.04036366964639839
w.region,0.22149122807017543,0.14212741567768913,0.10394259982479939,0.14743994182112607,0.0997774125078797,0.1122330999347537,0.8055887270121805,0.44418052256532065,0.7414622557462731,0.40474789091622526,0.32757720293841175,0.7303370786516854,0.6674325157645561,0.24511045444353818,0.9013623525502574,0.21524426592014256,0.841044142614601,0.21934859476724536,0.7759944173063502,0.3628347115140005,0.3448149617109559
dolpa,0.11685463659147868,0.009005388516573086,0.0020889304266047118,0.007893897013272259,0.001628561289668458,0.003221994212299695,0.0014728126741501472,0.08867775138558986,0.012710102749896061,9.809691975671964e-05,6.963060961598719e-05,0.0,0.003849137673807961,3.0630598367109194e-05,0.0004984216647283602,7.798322171158638e-05,0.00042444821731748726,7.889764214396455e-05,0.01779483600837404,0.08389228781349096,0.08393419504869608
mugu,0.15194235588972432,0.026319960152146347,0.0061290917986775,0.017496104676265747,0.004499138193247491,0.0078088774857507,0.006528142663800652,0.11955661124307204,0.0051077983013601,0.0,0.0005222295721199039,0.0,0.005609595989735634,0.0005261999581872661,0.0004984216647283602,0.0005168040625293264,0.00042444821731748726,0.0005154645953405683,0.009769713886950453,0.11332146158515544,0.11336540189089234
jumla,0.19244133059922533,0.03256882811084948,0.0017139190737219584,0.021541609566539638,0.0016063824394200548,0.006662751131264757,0.002109704641350211,0.19002375296912113,0.008671378511611332,0.0014714537963507947,0.0008355673153918462,0.0,0.005122237472896899,0.00015694668979844488,0.004984216647283601,0.00031721988492848676,0.004456706281833616,0.0003418897826238463,0.08199581297976273,0.18259487533405033,0.18263484218269588
humla,0.12847459557985874,0.006933752943307372,0.001453168992420669,0.006589198220353302,0.0013338994220825308,0.0026703317346218136,0.0012737839344001273,0.07600950118764846,0.004098117241788917,9.809691975671964e-05,0.00017407652403996797,0.0,0.00217819418750373,0.00018926337614906473,0.0006147200531649775,0.00031193288684634534,0.00042444821731748726,0.00031164568646865985,0.04405094207955338,0.072051604323197,0.07209662602163441
kalikot,0.02913533834586466,0.016607045825031697,0.011944697544554572,0.008269349903320882,0.00956225286424009,0.009271258622698533,0.01291696520977629,0.08155186064924781,0.013125853774425373,0.00019619383951343926,0.0006614907913518783,0.0,0.009727278152413917,0.001038208675846651,0.0013789666057484632,0.0005181258120498617,0.0014855687606112054,0.0005233543595549646,0.027390090718771805,0.0773158094911856,0.0773577678114396
rukum,0.04628047391205286,0.0252332005071545,0.03426666236966158,0.024901912932474797,0.038239506235425325,0.035006788777473145,0.03291935355465329,0.03721298495645289,0.041812674466947794,0.03806160486560722,0.010026807784702154,0.011235955056179775,0.03049471862505222,0.010368457547266468,0.023957468017943177,0.003518497223665132,0.023344651952461798,0.003643756106348761,0.2725924633635729,0.07265862511051052,0.07270342008115448
rolpa,0.0033321941216678057,0.07971268791885527,0.0444124773308567,0.047034860800841016,0.028864189394707494,0.033577697617626565,0.029695087970702968,0.0395882818685669,0.0445447526281404,0.039238767902687856,0.007450475228910629,0.0,0.028744206401304928,0.005424145042953596,0.00146203688320319,0.004104032261262297,0.0014855687606112054,0.00409084274516456,0.10241399808741049,0.039421088557028465,0.039465343245432945
pyuthan,0.0,0.05201163738453179,0.05479853393999233,0.04941898665264976,0.03847396836662273,0.041393708669898964,0.03172518111615317,0.04354711005542359,0.027677139632951236,0.023935648420639593,0.016015040211677056,0.0,0.027878896381611666,0.01545426093486227,0.0002658248878551254,0.005042474420842403,0.00021222410865874363,0.005016575079653744,0.10241399808741049,0.036851954934373744,0.03689579074757706
salyan,0.007575757575757576,0.07405248143452273,0.05736208811008928,0.04474459817154443,0.04274181283585116,0.04341250799553914,0.06380861396385637,0.047505938242280284,0.04614836372275346,0.023935648420639593,0.009051979250078335,0.011235955056179775,0.04507568976149271,0.003211997608587691,0.012526997840172785,0.004817777002351392,0.01230899830220713,0.004867984520282611,0.10241399808741049,0.04465254986512048,0.044695975836714766
jajarkot,0.17113807245386192,0.030661338525629415,0.026666822921397035,0.025746681935084195,0.027764752103822368,0.02735960546621424,0.01940530212562694,0.06571654790182106,0.03331947496584902,0.004512458308809104,0.006893430351982732,0.0,0.018370432257166162,0.0018407865559976963,0.00146203688320319,0.002759812998877835,0.0010611205432937182,0.002750897789419563,0.0940334961618981,0.06205968953783301,0.062103168549762194
dailekh,0.004044201412622465,0.05086261546821228,0.07134298010974942,0.04833017327150876,0.044173932880462334,0.04539563948857083,0.04269166467637926,0.0395882818685669,0.031003147829185722,0.01383166568569747,0.005640079378894962,0.0,0.029878060909868515,0.005835550510930183,0.005150357202193055,0.008678607351835184,0.0055178268251273345,0.008666905989514502,0.10790300069783669,0.03712146208890713,0.03716698362334021
surkhet,0.0072055137844611525,0.11010233653323673,0.027296724803192285,0.10461994781204828,0.02667482003447227,0.04652274299899892,0.04888145848260488,0.019002375296912115,0.09372215952960741,0.03600156955071611,0.02729519896946698,0.02247191011235955,0.051669948877086196,0.015423489829163204,0.03364346236916431,0.013633846304322253,0.03438030560271647,0.013775528318336205,0.3312107466852756,0.029147072824863167,0.029190523164956454
dang,0.008686488949646843,0.10289123347219706,0.09340712462974954,0.09128198389307102,0.057167570718848225,0.06602829172482505,0.06979937903033197,0.09105304829770387,0.19575933954980101,0.06650971159505592,0.05566967238798176,0.0449438202247191,0.09133496449245092,0.05758847558413646,0.05349725868084399,0.07213712358225843,0.055178268251273345,0.07210718507677397,0.10241399808741049,0.0857763191367711,0.08581898553525
banke,0.11252563226247436,0.07702408983879731,0.10606082801334807,0.08163284461882145,0.09841706377369969,0.09454115711204693,0.06480375766260647,0.0332541567695962,0.0947912335926828,0.06072199332940946,0.027155937750235004,0.011235955056179775,0.06244156670844025,0.027120725214767983,0.014205017444758264,0.016988446587441,0.013794567062818336,0.016985347392893164,0.10241399808741049,0.029149591583316748,0.029193913075903494
bardiya,0.015578719526087945,0.08761999637746784,0.08183157888568893,0.09886613227205317,0.08803102504309034,0.09111228947061802,0.06776928588488178,0.027711797307996833,0.10108689196412664,0.05974102413184226,0.016328377954948996,0.011235955056179775,0.06171550197927234,0.017148638850958464,0.020119621199534806,0.020152714939602655,0.019524617996604415,0.020168867253402133,0.10241399808741049,0.03271615355359036,0.03276009939218897
mw.region,0.9999999999999999,0.14212741567768913,0.10394259982479939,0.14743994182112607,0.0997774125078797,0.1122330999347537,0.49580049359127454,1.0,0.80014254320841,0.36972729056307635,0.18622706541795772,0.11235955056179775,0.48495156253108157,0.16428483414778688,0.17496261837514537,0.15746134213089816,0.17402376910016978,0.15772953625280908,0.9999999999999999,0.9999999999999999,1.0
bajura,0.03560036454773297,0.06547160840427459,0.016213381459790288,0.04343989937862547,0.015211522863226199,0.02242079957769286,0.014091234774301409,0.052256532066508314,0.023460236384153947,0.002452422993917991,0.0011489050586637886,0.0,0.012044717630443,0.0011740792658512136,0.0032397408207343412,0.0008485631921837022,0.0031833616298811546,0.0008626142207740122,0.023203070481507326,0.04945834099455696,0.04950286955961667
bajhang,0.020277967646388697,0.08764263720340518,0.028357303785563823,0.04074602489252661,0.013145721382946365,0.02018799325640178,0.0240426717618024,0.07046714172604909,0.030646789808160595,0.003237198351971748,0.001218535668279776,0.0,0.018549461916413042,0.00104382896912502,0.003073600265824888,0.0010243558784149053,0.0029711375212224107,0.0010361890334907341,0.011252616887648288,0.0665355233098501,0.06657785099985424
darchula,0.021103896103896104,0.05224370585038943,0.025078884224034127,0.040257936135463405,0.023541265335090742,0.027866088689254706,0.015285407212801527,0.053840063341250986,0.022628734335095324,0.0007847753580537571,0.0009051979250078334,0.0,0.012283423842772175,0.0007355558828064987,0.0016281774381126431,0.0007507537276640855,0.0012733446519524617,0.0007534724824748611,0.043876482903000696,0.05749066170303334,0.057533568593153055
achham,0.002363864205969469,0.030248143452273137,0.030414006674030172,0.02874091873322195,0.028547348676873162,0.02870547168330769,0.026450919512777643,0.00791765637371338,0.03884302429173843,0.0004904845987835981,0.001462242801935731,0.0,0.020130890573093835,0.0014905017774233694,0.0023259677687323473,0.002240365437307438,0.0019100169779286927,0.002239378076186193,0.10241399808741049,0.007679694524974749,0.008091717430583099
doti,0.006835269993164729,0.08478989313530157,0.030414006674030172,0.07118586795321857,0.028547348676873162,0.03945813428701191,0.03234217020937823,0.001583531274742676,0.04656411474728277,0.003825779870512066,0.0035163457856073528,0.0,0.0252133436772692,0.0030224532177747076,0.001279282272802791,0.004509809364066653,0.0014855687606112054,0.0044945356808011785,0.0360258199581298,0.0015767427919429955,0.0016203774326848434
baitadi,0.013442697653223968,0.05316631950733563,0.03720522789264128,0.04113086410482645,0.0322670587042482,0.03463584331834491,0.03437226335482844,0.000791765637371338,0.04003088436182218,0.001079066117323916,0.0003133377432719424,0.0,0.023930297785999883,0.0002839653178895767,0.0017278617710583153,0.0005075518158855789,0.0012733446519524617,0.00051151971323337,0.10241399808741049,0.0006750272655602599,0.0007186611207723573
dadeldhura,0.006521986785144679,0.07647504980981705,0.017895072995373885,0.06369558279674858,0.016795726452397852,0.028741139515916173,0.02012180558872701,0.000791765637371338,0.04555443368771159,0.00274671375318815,0.0022629948125195837,0.0,0.018459947086789604,0.0012144048701235087,0.0033560392091709587,0.001831944835462011,0.0036078098471986416,0.0018435749047639712,0.10241399808741049,0.0007027336085496736,0.0007491703192957121
fw.region,0.10819662793347003,0.14212741567768913,0.10394259982479939,0.14743994182112607,0.0997774125078797,0.1122330999347537,0.3613167741421861,0.26524148851939827,0.40606996495812797,0.09652736904061213,0.09501096682101451,0.06741573033707865,0.2887251099043186,0.07534691625579794,0.10581491942183087,0.05357447331585981,0.10696095076400679,0.05396072738366214,0.11933007676203766,0.258260898038139,0.2586535951700549
e.mountain,0.053537155678101266,0.17451548632494113,0.09332802067250083,0.14140494471456194,0.06444223360032444,0.08418559637805048,0.06719210253960671,0.0791765637371338,0.10744194333907467,0.1352756523445164,0.022107718553075934,0.011235955056179775,0.07244733544190489,0.018836412922452576,0.019554743312842664,0.013298121926106271,0.018463497453310697,0.0133429062472468,0.10241399808741049,0.06645240428088187,0.06387270206411678
terhathum,0.053537155678101266,0.1043062850932802,0.03889570875680807,0.09226754772944865,0.03643668255094799,0.05071965796926384,0.04693097683305469,0.019002375296912115,0.020371800201936213,0.04757700608200902,0.0038644988336872885,0.011235955056179775,0.032881780748343976,0.003448330940943093,0.008489782355873067,0.003687681162293659,0.008276740237691002,0.003718708866385528,0.016311933007676204,0.01774969082239982,0.01779364256100992
dhankuta,0.053537155678101266,0.06832435247237818,0.015794423463991587,0.07431151326287334,0.014508136469633986,0.029713682418374163,0.030272271315978025,0.001583531274742676,0.020728158222961333,0.04522268000784775,0.016223932040525017,0.02247191011235955,0.027699866722364786,0.016775170362610867,0.02320983552085064,0.002204678200252983,0.023132427843803056,0.00233537020746135,0.01692254012561061,0.0013626483233884353,0.0010542623045292601
e.hills,0.053537155678101266,0.6991713457706937,0.3206083387290045,0.6976665602883478,0.30365063875088716,0.40462778238817537,0.3073003741740307,0.11559778305621536,0.3223852230207282,0.51854031783402,0.08240782648052083,0.10112359550561797,0.2850550018897575,0.07698087601915166,0.0982389101179598,0.10397939128147582,0.09719864176570459,0.1040462655773532,0.10241399808741049,0.11637167807244453,0.11304675026187062
saptari,0.053537155678101266,0.17737955080601342,0.12202517849661465,0.1538887533086786,0.07993257629524486,0.09897347977752784,0.07696441366133269,0.0055423594615993665,0.12733859951297735,0.03521679419266235,0.0451206350311597,0.16853932584269662,0.07630641920789323,0.02212484651962608,0.22420667885030734,0.02362230743100798,0.22495755517826824,0.024893521057123207,0.10241399808741049,0.00502996063180537,0.005074696687718014
siraha,0.053537155678101266,0.0678205940952726,0.06956753573594514,0.07383281082806135,0.0811872655378688,0.07963438093720797,0.0641071570734814,0.0023752969121140144,0.07305339431015027,0.030115754365312927,0.02799150506562685,0.0449438202247191,0.05523064987766307,0.027391763858117313,0.05311513540455225,0.022497498589032387,0.05263157894736842,0.02270674140903299,0.10241399808741049,0.002279476400492669,0.002488194635126935
e.terai,0.053537155678101266,0.9999999999999999,0.4420797895248782,1.0,0.4658287285815675,0.6029314202693158,0.44590398853594454,0.018210609659540775,0.49438736116885434,0.3459878359819502,0.20171987605751487,0.8876404494382022,0.39918640965964475,0.15373637827784073,0.8821066622362518,0.16506272362349703,0.8843378607809848,0.1696930487232389,0.10241399808741049,0.01793859770641855,0.019569955897258576
dolakha,0.053537155678101266,0.06731117551168266,0.04044556036364382,0.04960671309767407,0.03217517489607624,0.0367140890316659,0.03391449725340339,0.03167062549485352,0.030884361822177346,0.011379242691779479,0.007137137485638686,0.02247191011235955,0.02557140299576297,0.009270111733341272,0.032580162817743806,0.01034929874579188,0.03289473684210526,0.01049864624795688,0.10241399808741049,0.02965334327403336,0.02969900980701237
sindhupalchok,0.053537155678101266,0.038098849846042386,0.04951614746149542,0.059208920760667555,0.058476122883504005,0.05888521378109937,0.04890136135657989,0.021377672209026127,0.05885846647264952,0.020404159309397683,0.027121122445427012,0.011235955056179775,0.04423027192616021,0.021083406175144367,0.019621199534806445,0.009635554004702784,0.019100169779286927,0.009703095023005237,0.01753314724354501,0.01994856695237783,0.019993694765638507
rasuwa,0.053537155678101266,0.0079299492845499,0.005569504545547766,0.0075372167677260704,0.00522787184426645,0.005832879559240702,0.0064684340418756465,0.014251781472684084,0.008433806497594584,0.001667647635864234,0.0016363193259756991,0.0,0.00530126713214378,0.001655035863147612,0.0045190230935371325,0.0009675206490318848,0.004244482173174873,0.000987535487501956,0.049023028611304954,0.013346901045536633,0.013393538151752754
c.mountain,0.053537155678101266,0.11845680130411157,0.09553121237068701,0.12121496555219734,0.0958791696238467,0.10266391152475228,0.08928429265185892,0.06730007917656373,0.10482865118489043,0.03364724347655484,0.03624273230512133,0.033707865168539325,0.07665453243420661,0.03242670359154388,0.05682006977903306,0.021507508198151403,0.05623938879456706,0.021744190174876624,0.10241399808741049,0.0631301618806058,0.06317438040902666
ramechap,0.053537155678101266,0.06680741713457707,0.05289710918982899,0.04243556289774541,0.042840033458379806,0.042901269061484205,0.045995541756229594,0.008709422011084718,0.03979331234780543,0.020796546988424564,0.009504578212582252,0.0,0.03442342503630324,0.009801650970142989,0.005216813424156836,0.008316447983208495,0.005093378607809847,0.008303976835652266,0.10241399808741049,0.009387412756504062,0.009430732254663671
sindhuli,0.053537155678101266,0.08656153776489765,0.04382945186817179,0.07288479228068859,0.01886786474703437,0.03262417755922643,0.04157710373377915,0.001583531274742676,0.056245174318465284,0.03590347263095939,0.02739964488389096,0.02247191011235955,0.04154482703745698,0.014181686029307647,0.03758099352051836,0.009877434166960757,0.03713921901528013,0.010055504491248278,0.10241399808741049,0.0007027336085496736,0.0007491703192957121
kavre,0.053537155678101266,0.11396825756203585,0.10146986871672874,0.16576245095646625,0.20781582682753727,0.19795647097708458,0.08824934320515881,0.012668250197941409,0.08089327077270299,0.02511281145772023,0.05723636110434147,0.011235955056179775,0.07655507151240279,0.10950467017707936,0.02003655092208008,0.047167953389824914,0.019524617996604415,0.04704534904974365,0.08949755757152825,0.009344593862793151,0.009390053323299197
bhaktapur,0.053537155678101266,0.016697609128781016,0.006340035684674048,0.029501210835570404,0.014238821859474804,0.018159682508732674,0.020161611336677016,0.007125890736342042,0.007067767416998277,0.020698450068667842,0.022351425686731888,0.033707865168539325,0.019703208609337393,0.05401382855176203,0.04517361687988038,0.05362469979764015,0.045415959252971136,0.053629357286657485,0.10241399808741049,0.006427871573543968,0.006471339997898255
lalitpur,0.053537155678101266,0.016227811990581414,0.025395300053028952,0.01823762413411177,0.03990608841123391,0.034569263364142414,0.022072287238277206,0.0055423594615993665,0.024469917443725127,0.01383166568569747,0.06782021376597151,0.02247191011235955,0.03583577012591753,0.03736174261194744,0.028210666223625183,0.042170418452680714,0.027801358234295415,0.04212476610136506,0.10241399808741049,0.005359917989224751,0.005403518049580837
kathmandu,0.053537155678101266,0.03464612389059953,0.02505837579067335,0.03667236103549907,0.034431080807056674,0.03513043726384922,0.04555767852877955,0.00791765637371338,0.04424778761061947,0.028546203649205414,0.07969223270549733,0.02247191011235955,0.05579757713194486,0.07210878428346583,0.03626848313673367,0.0540000766614722,0.03565365025466893,0.053942317933828546,0.19460921144452198,0.007654506940438919,0.0076984877607265256
dhading,0.053537155678101266,0.13367143633399747,0.10684600803344634,0.12701571270344852,0.0773598296664301,0.09023486078844932,0.06179842369238117,0.012668250197941409,0.015323394904080299,0.04061212477928193,0.10305330223166104,0.0449438202247191,0.06704660738795729,0.084755568218451,0.05936202026914769,0.037002377827387446,0.057724957555178265,0.037168679214021685,0.08993370551290997,0.022092030396377017,0.02213611848416742
makwanpur,0.053537155678101266,0.10057054881362071,0.0756468213393179,0.11433479134205636,0.09750456250633682,0.10214078331316119,0.05562853276013056,0.00791765637371338,0.06628259191067293,0.01579360408083186,0.08355673153918462,0.011235955056179775,0.06432137813053253,0.028306466589171814,0.010201030071440437,0.07646188801345014,0.009974533106960951,0.07612964986541376,0.0,4.030013525732897e-05,8.813768462302495e-05
c.hills,0.053537155678101266,0.7079050443760188,0.5502207586362479,0.7386941748484109,0.5929642350197709,0.6321481308866784,0.46383647798742134,0.1163895486935867,0.39918037655164224,0.22993917990975085,0.4915224732792536,0.20224719101123595,0.46385590101649066,0.4526322862760677,0.2893171623193221,0.3650738263194695,0.28395585738539897,0.3649568232653367,0.10241399808741049,0.11136690502517498,0.11139586363066242
dhanusha,0.053537155678101266,0.10583454084404999,0.05185703864081823,0.12950308810002065,0.07195452702017642,0.08680837100252765,0.05051349414855505,0.001583531274742676,0.0896834352913227,0.009221110457131646,0.01772099014726874,0.06741573033707865,0.04617970599351515,0.014400315437836188,0.06449576341584981,0.011155565953318451,0.06260611205432937,0.011484866774756436,0.10241399808741049,0.0015465176904999986,0.0015898682341614887
mahottari,0.053537155678101266,0.09287266799492845,0.05938656346041726,0.08825020180592841,0.05844760721889892,0.06622089802091086,0.051309609107555124,0.001583531274742676,0.043059927540535725,0.020306062389640965,0.01935730947324444,0.0449438202247191,0.04034134988363072,0.016932117052409313,0.05118790496760259,0.012741665377960884,0.04966044142614601,0.012982607014789363,0.10241399808741049,0.001523848864417751,0.0015695287684792522
sarlahi,0.053537155678101266,0.10623641550443759,0.0733000706076063,0.1418742608271227,0.05647685795396938,0.07832656040823023,0.05531008677653053,0.0023752969121140144,0.06081843558828769,0.013439278006670592,0.02854854994255475,0.056179775280898875,0.04726383004117682,0.0295212929812912,0.07281940521681343,0.006989411464590992,0.07067062818336163,0.007390079147484677,0.10241399808741049,0.0028990909800741017,0.0029424427020302174
parsa,0.053537155678101266,0.061967940590472746,0.04225909182797526,0.05888039948187501,0.04358144073811214,0.04762369009884745,0.04498049518350449,0.0,0.050721624992575876,0.01903080243280361,0.015562441249173135,0.0449438202247191,0.03722822303117105,0.016096098427251973,0.05770061472005316,0.013217495205353615,0.05602716468590832,0.013495441688725131,0.10241399808741049,0.00027202591298697043,0.0003152617180746662
c.terai,0.053537155678101266,0.658717850027169,0.46094461844059736,0.8018265783100865,0.44697987427760316,0.5385818945325967,0.44687922936071967,0.019002375296912115,0.4893389558709984,0.17088483421620562,0.4718866413675452,0.5168539325842696,0.45793797616916315,0.5145228153501314,0.4773052001993686,0.6128635306837543,0.48896434634974534,0.6127440731433741,0.10241399808741049,0.019492671672279298,0.019522497144000027
w.mountain,0.053537155678101266,0.006277168991124796,0.00014355903352542901,0.00596031462952186,0.00011089425124201562,0.0015931631898456057,0.00011941724385001193,0.026920031670625493,0.008255627487082022,0.00019619383951343926,0.00027852243846394876,0.0,0.0017206739472061428,0.00029267677247104813,0.0001661405549094534,0.0005366303053373567,0.00021222410865874363,0.0005338740451741599,0.10241399808741049,0.03078174706123857,0.03124819910980938
palpa,0.053537155678101266,0.06216038761094005,0.06940053849286454,0.05906812592689932,0.06922969684680118,0.06691998754003714,0.050035825173154996,0.0055423594615993665,0.05862089445863277,0.02982146360604277,0.012916478083765623,0.02247191011235955,0.04146525830001392,0.0133653384306246,0.02968931716231932,0.011623465283587969,0.028862478777589132,0.01174128411172432,0.07580251221214235,0.00659410963148045,0.006637445634303187
w.hills,0.053537155678101266,0.5295519380547002,0.6599906833117019,0.6071824137866302,0.7310782723309338,0.7024850967906083,0.5470702969508796,0.33412509897070464,0.47152105481974227,0.32421031979595843,0.19298123455070848,0.42696629213483145,0.444769350122337,0.15849929581659425,0.3560392091709586,0.1407768979331803,0.3094227504244482,0.14196973223455217,0.10241399808741049,0.24548575516156573,0.24481258877329293
w.terai,0.053537155678101266,0.33133716717985867,0.3398657576547728,0.36691133680001503,0.26880766501064585,0.2946876330112924,0.2583990128174508,0.0831353919239905,0.2550335570469799,0.08014518344123994,0.13396929290115936,0.3033707865168539,0.2193909013148734,0.0859004219592547,0.5450573184914437,0.07337560288300006,0.5314091680814941,0.0762900750711065,0.10241399808741049,0.0863858586825382,0.06866603614323052
w. region,0.053537155678101266,0.8722831008875204,1.0,0.9849161801422966,1.0,0.9999999999999998,0.10999270926300705,0.06710838854856857,0.1196794028189795,0.0727280237084766,0.06033968743185819,0.0840922531046718,0.1003787890685118,0.05460438515715783,0.09487430155385139,0.05374022070573494,0.0931954248950049,0.054040330952077914,0.10241399808741049,0.06359345435658381,0.06293847829038583
mw.mountain,0.053537155678101266,0.10166862887158123,0.02332980783597941,0.07151438923201112,0.018630234208658624,0.032098671492128104,0.02430140912347743,0.5558194774346793,0.05701728336401972,0.0022562291544045514,0.0029593009086794552,0.0,0.029589624236637427,0.002777548938169793,0.008174115301545106,0.0028523354653153103,0.007215619694397283,0.0028810788989571045,0.10241399808741049,0.5295387397643954,0.5295651083246042
mw.hills,0.053537155678101266,0.4379867777576526,0.3161462895849386,0.3593835063545402,0.2469329818513637,0.2763638784725607,0.2691266618899769,0.2921615201900237,0.338183761952842,0.18010594467333726,0.08341747031995264,0.0449438202247191,0.23676672435400134,0.05881313748949299,0.07876723708257186,0.04422045195903106,0.0783106960950764,0.0444772307979576,0.10241399808741049,0.32245649474461047,0.3224856183028072
mw.terai,0.053537155678101266,0.27265214635029883,0.2812995315287865,0.2766430757100753,0.24361565953563824,0.2529134674602363,0.20237242257782023,0.15201900237529692,0.39828948149907945,0.1871689228958211,0.09950214114124568,0.06741573033707865,0.21704362356030318,0.10227598946977354,0.08792158165808274,0.10983341990792694,0.0884974533106961,0.10981631313948181,0.10241399808741049,0.1478234148823362,0.1478611356879655
mw. region,0.053537155678101266,0.8174243796413693,0.6207756289497046,0.7124030862227562,0.5091788755956606,0.5626077465776713,0.10999270926300705,0.06710838854856857,0.1196794028189795,0.0727280237084766,0.06033968743185819,0.0840922531046718,0.1003787890685118,0.05460438515715783,0.09487430155385139,0.05374022070573494,0.0931954248950049,0.054040330952077914,0.10241399808741049,0.06359345435658381,0.06293847829038583
fw.mountain,0.053537155678101266,0.2104747781199058,0.06964956946938823,0.12930597533274513,0.05189850958126331,0.07170661067609566,0.05341931374890534,0.17656373713380838,0.08338777691987885,0.006670590543456936,0.0036207917000313336,0.0,0.04442919376976786,0.0033716139376933608,0.008041202857617544,0.0031788075968875447,0.007427843803056027,0.0032071891531521577,0.10241399808741049,0.1736658766160984,0.173702426837247
fw.hills,0.053537155678101266,0.2523546458974823,0.11592831423607551,0.21204640597721,0.10615748251039238,0.13338818253370013,0.11328715866571132,0.011084718923198733,0.1809704816772584,0.00843633509907789,0.008077150715454513,0.0,0.09006186469336198,0.006638549913077105,0.00883867752118292,0.009922373650658959,0.008276740237691002,0.009921378499603539,0.10241399808741049,0.010906224104014647,0.01131213283027055
kailali,0.053537155678101266,0.15455759826118456,0.12042259091827975,0.25949426495710454,0.11620767008009733,0.15295079979169984,0.11866093463896185,0.056215360253365,0.0845756369899626,0.04590935844614479,0.04519026564077569,0.0449438202247191,0.09161345507350163,0.03876896569371858,0.05673699950157833,0.022097008484310173,0.0583616298811545,0.022343812255170754,0.10241399808741049,0.05347576072802194,0.05351991403185838
kanchanpur,0.053537155678101266,0.11157399021916319,0.08148293551855575,0.21482475736356982,0.08198570414681132,0.11595136809916608,0.07594936708860758,0.021377672209026127,0.04715804478232464,0.03521679419266235,0.037600529192633084,0.02247191011235955,0.060293210797477674,0.025940463626310566,0.03204851304203356,0.017543581386065852,0.03289473684210526,0.01765597735111686,0.10241399808741049,0.019941010677017083,0.019986914943744428
fw.terai,0.053537155678101266,0.26869000181126607,0.20190552643683551,0.4767500797837391,0.19819337422690866,0.2695180324672391,0.19461030172756943,0.07759303246239113,0.1350596899685217,0.08122424955856386,0.08296487135744873,0.06741573033707865,0.15268246106104913,0.06491857448365045,0.08883535471008473,0.039918157269688455,0.09125636672325976,0.04027724631449389,0.10241399808741049,0.07350744670936801,0.07355089781791432
sankhuwasabha,0.053537155678101266,0.14212741567768913,0.10394259982479939,0.14743994182112607,0.0997774125078797,0.1122330999347537,0.032760130562853276,0.03246239113222486,0.05357248916077686,0.04983323523641358,0.010340145527974097,0.011235955056179775,0.03360784547751188,0.05460438515715783,0.09487430155385139,0.05374022070573494,0.0931954248950049,0.054040330952077914,0.10241399808741049,0.06359345435658381,0.06293847829038583
dang,0.053537155678101266,0.14212741567768913,0.10394259982479939,0.14743994182112607,0.0997774125078797,0.1122330999347537,0.10999270926300705,0.06710838854856857,0.1196794028189795,0.0727280237084766,0.06033968743185819,0.0840922531046718,0.1003787890685118,0.05460438515715783,0.09487430155385139,0.05374022070573494,0.0931954248950049,0.054040330952077914,0.10241399808741049,0.06359345435658381,0.06293847829038583
banke,0.053537155678101266,0.14212741567768913,0.10394259982479939,0.14743994182112607,0.0997774125078797,0.1122330999347537,0.10999270926300705,0.06710838854856857,0.1196794028189795,0.0727280237084766,0.06033968743185819,0.0840922531046718,0.1003787890685118,0.05460438515715783,0.09487430155385139,0.05374022070573494,0.0931954248950049,0.054040330952077914,0.10241399808741049,0.06359345435658381,0.06293847829038583
bardiya,0.053537155678101266,0.14212741567768913,0.10394259982479939,0.14743994182112607,0.0997774125078797,0.1122330999347537,0.10999270926300705,0.06710838854856857,0.1196794028189795,0.0727280237084766,0.06033968743185819,0.0840922531046718,0.1003787890685118,0.05460438515715783,0.09487430155385139,0.05374022070573494,0.0931954248950049,0.054040330952077914,0.10241399808741049,0.06359345435658381,0.06293847829038583
ramechhap,0.053537155678101266,0.14212741567768913,0.10394259982479939,0.14743994182112607,0.0997774125078797,0.1122330999347537,0.10999270926300705,0.06710838854856857,0.1196794028189795,0.0727280237084766,0.06033968743185819,0.0840922531046718,0.1003787890685118,0.05460438515715783,0.09487430155385139,0.05374022070573494,0.0931954248950049,0.054040330952077914,0.004797627355198883,0.06359345435658381,0.06293847829038583
